idBNS, firstName, lastName, email, password, isVerified
1,John,Santos,john@gmail.com,1111,0
2,Ian,Reyes,ian@gmail.com,2222,0
3,Mark,Cruz,mark@gmail.com,3333,0
4,Karl,Bautista,karl@gmail.com,4444,0
5,Leo,Ocampo,leo@gmail.com,5555,0
6,Joy,Garcia,joy@gmail.com,6666,0
7,Jim,Mendoza,jim@gmail.com,7777,0
8,Ace,Torres,ace@gmail.com,8888,0
9,Ben,Tomas,ben@gmail.com,9999,0
10,Aya,Castro,aya@gmail.com,1010,1
11,Aly,Luna,aly@gmail.com,1111,1
12,Mae,Aquino,mae@gmail.com,1212,1
13,Bea,Ramons,bea@gmail.com,1313,1
14,Kim,Salazar,kim@gmail.com,1414,1
15,Pia,Canlas,pia@gmail.com,1515,1
16,Nina,Cruza,nina@gmail.com,1616,1
17,Mika,Flores,mika@gmail.com,1717,1
18,Lyn,Navarro,lyn@gmail.com,1818,1
19,Yen,Mercado,yen@gmail.com,1919,1
20,Jack,Vega,jack@gmail.com,2020,1
