idPreschooler, firstName, lastName, gender, birthdate, guardianFNAME, guardianLName, address, encodedBy
1,Lenlen,De Castro,Male,16/08/2017,Noli,De Castro,Jose Abad Santos,1
2,Yaya,De Cruz,Male,06/11/2018,Roger,De Cruz,Jose Abad Santos,1
3,Kaikai,De Cruza,Female,12/05/2018,Mark,De Cruza,Jose Abad Santos,1
4,Noy,De Castro,Male,04/05/2020,Vicky,De Castro,Jose Abad Santos,1
5,Kel,De Vega,Male,13/12/2020,Mikko,De Vega,Jose Abad Santos,1
6,Ry,Del Rosario,Female,22/09/2018,Girlie,Del Rosario,Jose Abad Santos,1
7,Xy,Dela Castro,Female,23/11/2017,Fairlane,Dela Castro,Jose Abad Santos,1
8,Tery,Dela Vega,Male,22/11/2020,Elma,Dela Vega,Jose Abad Santos,1
9,Bell,Dela Cruz,Male,21/03/2017,Maica,Dela Cruz,Jose Abad Santos,1
10,Mar,De Asis,Male,30/11/2019,Roseann,De Asis,Jose Abad Santos,1
11,Lyka,De Gusman,Female,26/09/2018,Shirley,De Gusman,Jose Abad Santos,1
12,Don,Dela Pina,Male,30/05/2018,Mariline,Dela Pina,Jose Abad Santos,1
13,Rita,De Aquino,Female,05/01/2019,Dhally,De Aquino,Jose Abad Santos,1
14,Rens,De Luna,Female,05/01/2019,Mikaela,De Luna,Jose Abad Santos,1
15,Josh,De Banal,Female,05/01/2019,Dinah,De Banal,Jose Abad Santos,1
16,Axel,Del Luna,Female,12/08/2020,Lizel,Del Luna,Jose Abad Santos,1
17,Kimmy,Dela Santos,Male,26/06/2020,Rosalie,Dela Santos,Jose Abad Santos,1
18,Rekrek,Dela,Male,17/07/2020,Jenny,Dela,Jose Abad Santos,1
19,Lovely,Diaz,Male,01/12/2017,Merasol,Diaz,Jose Abad Santos,1
20,Lucky,De Vera,Male,02/01/2021,Zia,De Vera,Jose Abad Santos,1
